id,users,times
1,Rand Burg,1625922603
2,Simmonds Paskerful,1644012570
3,Ginnie Jendas,1627451847
4,Harlene Riceards,1555399840
5,Syd Ledson,1630284052
6,Carmine Hickisson,1562461462
7,Fabio Underhill,1629276367
8,Page Searston,1614775361
9,Forrester Shaxby,1541236760
10,Niki Robjohns,1560035890
11,Ian Henriques,1569096943
12,Davidde A'field,1592566778
13,Moyna McElane,1570700457
14,Latia Duthy,1580649488
15,Craggy Murt,1612386176
16,Lewie Nisby,1613938159
17,Hercule Gedney,1661805607
18,Ole Bau,1611523049
19,Brooke Durbin,1598296957
20,Barn Barbe,1562996529
21,Nara Kedwell,1651032714
22,Osborn Dilke,1561092971
23,Garey Liddington,1659740243
24,Dix Bineham,1650604982
25,Gabe Husset,1552938238
26,Jerrome Oldford,1654667010
27,Bobbe Leary,1580879357
28,Had Putnam,1632326542
29,Kaitlyn Treves,1572041601
30,Milo Rope,1542240731
31,Quent Jedrychowski,1552184344
32,Brigida Chivrall,1654150502
33,Bobby Ollive,1558342488
34,Katharine Durran,1602011715
35,Leigha Child,1582892584
36,Nicko Donnett,1590177377
37,Hirsch Records,1641500373
38,Berta Salzburg,1610391926
39,Tamqrah Shrigley,1553085591
40,Heinrik Cruse,1616293805
41,Rudolph Tumpane,1550512562
42,Denice Scotland,1652608095
43,Marianne Begent,1636996720
44,Kylen Norfolk,1658895922
45,Marylynne Purveys,1593315567
46,Anne-marie Kynder,1641643113
47,Penelopa Semour,1580059993
48,Doralynn Neillans,1663207255
49,Halette Meachan,1633709188
50,Bernardo Spurritt,1564708914
51,Roosevelt Odgers,1561610469
52,Theo Carnalan,1544933557
53,Felice McAlindon,1557819785
54,Wood Lydford,1598808375
55,Nonah Insall,1631406034
56,Ulrica Lifsey,1648234803
57,Bobbye Dottrell,1613358456
58,Brocky Lightbourne,1610782444
59,Ermanno Shatliff,1575397164
60,Alfreda Seeley,1560297710
61,Sunny Kitley,1551306262
62,Ado Waldrum,1573277816
63,Ranee Sacher,1537661200
64,Kellsie MacNess,1555583127
65,Norine Vale,1632974521
66,Carly Chrystal,1581529461
67,Fawn Crawford,1621674662
68,Jori Bernuzzi,1628977822
69,Emmey Treanor,1564134997
70,Ibby Stripp,1587627273
71,Babita Tasch,1657629744
72,Dan Snalham,1645303557
73,Liz Vain,1576283078
74,Othelia Storrah,1556898420
75,Cyb Kitchener,1581847541
76,Freddi Titford,1650008872
77,Thane Christal,1615296452
78,Ade Karlsen,1655419272
79,Averil Garred,1620836777
80,Livia Abate,1620940842
81,Haleigh Lovick,1629827523
82,Ezmeralda Evett,1554668392
83,Irina Glanders,1590011392
84,Daryl Desporte,1591889615
85,Manfred Duddan,1651645253
86,Analise Messager,1646493505
87,Saidee Swains,1572229075
88,Otis Lyness,1632464590
89,Gayleen Elsley,1625181721
90,Pammie McIlwraith,1575084207
91,Gwendolin Cluney,1541385039
92,Beulah Boullen,1636800277
93,Noble Mitskevich,1595583688
94,Krystle Rudsdell,1532375995
95,Trescha Japp,1552287279
96,Rina Harfleet,1595779606
97,Walliw Pedden,1578385514
98,Sephira Gerrell,1624131825
99,Sunshine deKnevet,1651860483
100,Daisey Kruse,1596453728
101,Alyss Doy,1588984054
102,Jessey Mengo,1612248829
103,Kalina Langforth,1582550826
104,Sharona Jacquemard,1587694456
105,Carlie Hawkyens,1631964733
106,Rowan Terrington,1539446314
107,Alessandro Povah,1645907817
108,Fawn Cassedy,1560478793
109,Angela McAviy,1540188225
110,Mathian Younger,1542228285
111,Sigrid Halwell,1539787760
112,Melisa MacRanald,1572992944
113,Bruis Leverette,1603344461
114,Tamma Perassi,1585578506
115,Allan Nellis,1626050435
116,Dunn Norsister,1580815303
117,Debera Adami,1659888665
118,Orville Eckh,1575844078
119,Blisse Thayre,1638654953
120,Yovonnda Fone,1536797086
121,Berne Yeandel,1654835528
122,Tessy Firk,1631393433
123,Micki Wintringham,1587640237
124,Bevvy Hillburn,1544157802
125,Grove Knowlton,1564568047
126,Tiertza Winser,1637838047
127,Magdalene Chatenet,1619235418
128,Mortimer Bakeup,1614093008
129,Norton Gainseford,1626553720
130,Gene Bugdale,1545485298
131,Katti Sanchis,1657223320
132,Alix Lintall,1569175518
133,Oliver Mulvey,1651664373
134,Madalyn Berford,1658903938
135,Ware Hellikes,1628843605
136,Franky Flute,1564310406
137,Hally Dufer,1647826294
138,Rebeka Tather,1593312215
139,Jacquelyn Feaveryear,1582580915
140,Fidel Klimko,1611536864
141,Uta Hessel,1595399736
142,Aguste Martin,1641350566
143,Spencer Hartless,1544337025
144,Kore Blazdell,1595745843
145,Moira Crowden,1568997137
146,Ambros Delicate,1555660071
147,Van Reddin,1625816242
148,Vivianna Seckington,1548171813
149,Arney Lamacraft,1613651050
150,Dulcie Bulteel,1571691796
151,Shandra Bean,1644034233
152,Teresa Drewell,1635194713
153,Jermaine Hospital,1556010879
154,Lanny O'Flannery,1579610760
155,Launce Glasscoe,1558488617
156,Leonidas Schankel,1607325745
157,Reinaldo Van de Castele,1658506891
158,Agustin Ivashev,1566830161
159,Nikki Gini,1585627199
160,Mischa Gatenby,1600255022
161,Conrado Escalera,1571279439
162,Guido Kleinstein,1575896538
163,Ches Iglesias,1573745357
164,Tabbatha Izzard,1630527933
165,Tammie Stoving,1587346077
166,Marcus Pittel,1628816487
167,Leanna Rackam,1640311305
168,Purcell Grime,1560480202
169,Kaja Selborne,1659782609
170,Tito Seear,1638757565
171,Cele Dickie,1551421444
172,Ransell Somes,1584633829
173,Annabelle Hinks,1624159249
174,Sher Gosforth,1607740892
175,Randy Izon,1545721445
176,Geoffry Rowbottam,1595100850
177,Bonita Bartaletti,1534764049
178,Morgan Taylerson,1556465394
179,Quintina Luter,1580525068
180,Rory Kerslake,1588381255
181,Trueman Phipard-Shears,1555333265
182,Orv Chell,1573210459
183,Adelind Chapple,1636167144
184,Hermann Coverdale,1553676860
185,Preston Keener,1634497491
186,Randy Binge,1570378509
187,Nels Dyos,1555901416
188,Alejandro Sproat,1660918570
189,Darya Edwardson,1580455689
190,Riki Glanz,1610462729
191,Robyn Prince,1571682435
192,Paddie MacAleese,1660558289
193,Christoper Bruun,1642814026
194,Cyrille Battey,1538502957
195,Caroline Yeskov,1608520494
196,Whitney Scritch,1551837763
197,Tierney Rolston,1566721354
198,Rolf Dibson,1569358185
199,Tierney Sawyers,1601254803
200,Melloney Boak,1578218470
201,Katee Gleadhell,1575937235
202,Lurleen Kydd,1572544262
203,Rey Kun,1634941424
204,Lula Eddisforth,1614865542
205,Letti McRobbie,1641608602
206,Hephzibah Hatliffe,1596436276
207,Rocky Brolechan,1581157949
208,Hildegarde Stuer,1600897526
209,Jolynn Saffe,1621733582
210,Jeremie Muggleton,1565003472
211,Anne Yeabsley,1573342521
212,Bennie Shoosmith,1658698621
213,Gerladina Pointer,1639914643
214,Fionna Gehring,1653186313
215,Jim Loiterton,1539482178
216,Raquel Leicester,1550395266
217,Corbin Gehrels,1599087609
218,Cirilo Mycock,1634209264
219,Rosabella Abelevitz,1654865248
220,Nedi Du Hamel,1602997865
221,Valentia Jellico,1561858615
222,Chance Hegg,1559511383
223,Beaufort Becarra,1609570331
224,Stephanie Penburton,1636763214
225,Nancee Revie,1583027651
226,Stan Summerlee,1599982611
227,Danya Sharma,1640621575
228,Giffard Mytton,1544620443
229,Madlin Dufall,1661189428
230,Buddy Reddie,1569262127
231,Anica Esom,1538654492
232,Cart Ivkovic,1629528417
233,Joletta Bulle,1597740716
234,Lewes Horsted,1577757196
235,Neron Kroll,1654749783
236,June Gierck,1534346479
237,Paton Kelberman,1640798293
238,Wakefield Ferraro,1662248144
239,Dalston Fallis,1555449185
240,Lindy MacAlester,1584599057
241,Alwin Dovey,1562810983
242,Blythe Ollerton,1616491500
243,Daisey Burge,1562185301
244,Slade Merioth,1577605686
245,Ardella Benbow,1656631164
246,Roxi Balloch,1634143754
247,Kelsi Hartzenberg,1583193905
248,Corrine Nollet,1541508228
249,Aldo Sheraton,1598478647
250,Ebony Currao,1553465151
251,Marjory McGougan,1568248690
252,Ivette Raphael,1642565923
253,Verene Schreiner,1620265649
254,Cheston Deegan,1626539551
255,Jazmin Matz,1559697709
256,Amandy Cudiff,1597829433
257,Gradey Galbraeth,1612880397
258,Brodie Dillingstone,1625868174
259,Malina Dighton,1538628692
260,Chastity Saura,1542938488
261,Gabriello Ubank,1564937502
262,Jeralee Gallagher,1568166289
263,Ricoriki Ziebart,1615593346
264,Kellina Girodon,1642676623
265,Alexandre Hickisson,1646541264
266,Jessie Scoterbosh,1599705086
267,Berne Jacobsen,1550333218
268,Guntar Philipart,1607618286
269,Ashli Spinley,1630955193
270,Aleta Wrankling,1594309192
271,Tiena Comini,1542810053
272,Brittaney Schechter,1596283826
273,Marnia Tremollet,1573847055
274,Britni Sheddan,1604679556
275,Sibylla Edinburgh,1584528082
276,Benjamin Throssell,1635181938
277,Sammy Christiensen,1660386652
278,Ruddie Airs,1576429004
279,Adeline Matias,1632959125
280,Patrizio Vennart,1663921889
281,Fernanda Sowley,1631589343
282,York Feavyour,1561201773
283,Pansie Gallifont,1549477170
284,Norene Warman,1602619613
285,Urson Gilders,1589042697
286,Maren Callaghan,1568730792
287,Rivalee Bingall,1626826248
288,Ariadne Gaywood,1595542073
289,Tillie Roo,1578377059
290,Humphrey Sparshutt,1610735445
291,Torr Creasey,1606827808
292,Loreen Carlino,1641248420
293,Dun McKinley,1545972319
294,Francyne Shirtcliffe,1586860388
295,Savina Drynan,1661885508
296,Maurise Antrag,1654355029
297,Brandea Slainey,1569399844
298,Tybalt Burhill,1663938775
299,Dareen Boat,1586670587
300,Ilene Harmeston,1535808990
301,Myrah Speake,1543825133
302,Nathalia Quick,1585196924
303,Grove Wolfit,1662986254
304,Stephen Forte,1607371635
305,Cleopatra Ealden,1619015556
306,Perl Lively,1661186274
307,Allix Porteous,1598462887
308,Elysia Ruddell,1577765594
309,Tommie Waterworth,1562353204
310,Zonda Ibbitt,1627449033
311,Victoir Ledamun,1535013320
312,Rhody ducarme,1532311337
313,Dietrich Spavins,1537188188
314,Ralph Twigger,1556598419
315,Antin Shallcroff,1627827940
316,Flossy Ridsdale,1616367439
317,Mikaela Esilmon,1626328973
318,Opalina Killiam,1606496574
319,Deerdre Riordan,1644535915
320,Ennis Bubeer,1644184963
321,Vonni Trusslove,1639969210
322,Silvan Mattityahou,1542034084
323,Lucina Blenkin,1655234864
324,Lesya Brenston,1601928087
325,Calypso Lamminam,1554795199
326,Celie Breach,1532001693
327,Paloma Spiers,1617938063
328,Ira Bool,1566175146
329,Yolane Inde,1622108613
330,Tybalt Blick,1644391911
331,Estella Arnowitz,1587513122
332,Marthena Casari,1540777119
333,Laurence Giannoni,1641968941
334,Alysia Camilletti,1549812183
335,Lavinie Knobell,1626954368
336,Meridith Hiddy,1641955168
337,Hy Lindwall,1640201864
338,Lisa Witham,1573414032
339,Deloris Eustanch,1650804879
340,Fransisco Money,1647905249
341,Sammy Westwick,1654740114
342,Ralina Sclater,1590055854
343,Avie Chiles,1590975487
344,Redford Samsin,1591784546
345,Stephanie Broadbury,1612745225
346,Chiquita Durtnel,1645192763
347,Milissent Caveney,1602832763
348,Morgen Chasmar,1630628201
349,Ruddie Myall,1633948879
350,Marga Aaron,1617211978
351,Frederique Rolin,1578002409
352,Kania Filgate,1551826869
353,Idelle Celloni,1535733385
354,Glyn MacCarter,1592182055
355,Tris Friett,1576718320
356,Elston Syddon,1535774531
357,Wittie Fuggles,1628432091
358,Tawsha Strowthers,1544998601
359,Wake Naerup,1538154881
360,Sherwood Stolli,1544531791
361,Jon Malley,1643173351
362,Harbert Geary,1607334007
363,Legra Gai,1625897370
364,Ramona Scatchard,1608036516
365,Norri Reid,1588030630
366,Ynez Orgel,1625195139
367,Adolf Braitling,1630034731
368,Don Paxeford,1550050959
369,Jermaine Estrella,1598856089
370,Marcos Probetts,1588421008
371,Tabina Fassbindler,1653735796
372,Veronike Vyse,1580139294
373,Daffi Aps,1597446962
374,Midge Dawton,1634569949
375,Sebastiano Casarini,1562402269
376,Peadar Orrett,1601007846
377,Janeva Fuster,1584664327
378,Sibyl Sweetmore,1596221342
379,Corette Bolzmann,1653161317
380,Viviyan Grinyakin,1550239485
381,Derward Hurdle,1548209156
382,Brooks Gurry,1618059136
383,Petra Hincham,1591218391
384,Hillier Cavalier,1652129912
385,Costa Bramelt,1627686856
386,Dallon Peachment,1619075318
387,Junie Houlson,1586058880
388,Craig Novic,1640335475
389,Arnoldo Shilstone,1624679442
390,Sabine Stout,1604435756
391,Winona Maddrell,1564654762
392,Laina Lambertini,1639097797
393,Kaitlynn Drinkhall,1581710411
394,Von Pattesall,1552708426
395,Bryant Hards,1652489326
396,Arabele Ledgeway,1556552455
397,Edward Whitford,1636883091
398,Nerita Vicar,1627121036
399,Hoyt McNeish,1602920964
400,Beatrisa Widdicombe,1640887005
401,Marga Gonning,1613473854
402,Lindsey Dinis,1616098545
403,Dallas Fieldsend,1580926781
404,Clara Roscam,1551956033
405,Marshall Scough,1654030184
406,Corabel Yeld,1599525962
407,Tilda Stubbeley,1533953729
408,Clive Baythorp,1564797704
409,Heinrik Hallgath,1643715793
410,Eldin Hanaby,1554561411
411,Dexter Armiger,1604923130
412,Bern Winsome,1617229195
413,Marian Frier,1534123839
414,Shellysheldon Pietroni,1547102700
415,Ezekiel Blanque,1604070388
416,Haywood Cakes,1644723531
417,Coretta Costello,1615109453
418,Ezri Gillam,1590862345
419,Skylar Rowswell,1649197556
420,Nora Adami,1596355543
421,Kalli Moles,1584904902
422,Robinet Allone,1537376365
423,Kitty Lovart,1632951376
424,Quillan Wolstencroft,1626647770
425,Ricky Pummery,1599540522
426,Pearla Goodban,1611824077
427,Ede Crutchley,1568302589
428,Missy Getcliffe,1633744395
429,Owen Heckle,1628969306
430,Samuele Feronet,1632221779
431,Margi Goodbarr,1634547954
432,Rube Bernth,1541218621
433,Wilmar Gamett,1539780975
434,Kirby Ambroix,1594584156
435,Tracee McGlone,1552967558
436,Thane Dupey,1555629464
437,Lilah Westman,1652997086
438,Gris De Gowe,1652581250
439,Welbie Troillet,1604432396
440,Corilla Osgardby,1542207188
441,Herminia Lawler,1641414622
442,Jarrad Swindon,1660379553
443,Vail Khilkov,1571865578
444,Clarance Paulot,1544212417
445,Dotty Kingzett,1646860344
446,Daniela Welling,1545323451
447,Myrilla Wickins,1614830874
448,Linus Yakobowitch,1618084234
449,Ronald Spain-Gower,1596055542
450,Judy D'Aubney,1575066951
451,Dell Khrishtafovich,1653014656
452,Jeremy Greggs,1629370587
453,Gradeigh Hudel,1647282531
454,Rockie Bryning,1660569212
455,Elysia Begin,1567303154
456,Arlana Pesticcio,1555240789
457,Nat Searson,1617206642
458,Zack Matschoss,1600914559
459,Corbett Verrill,1614714969
460,Berny Spain-Gower,1555815596
461,Marielle Harbottle,1572124167
462,Shaylynn Gerlack,1576923986
463,Mala Tripony,1656490212
464,Shantee Crowley,1651549290
465,Augie Byk,1554467018
466,Lynn Niven,1648307706
467,Mariel Bootherstone,1603110697
468,Allix Khotler,1595919905
469,Alfonse Nutman,1566896495
470,Hashim Beauman,1545043848
471,Paolo Pinwell,1647881722
472,Steven Burgis,1612508004
473,Major Hemms,1532640520
474,Winnie Falls,1622982164
475,Stevie Plett,1579602841
476,Elroy Biaggelli,1600106344
477,Cybill Mille,1645240644
478,Derry MacTrusty,1553485161
479,Kylie Yerill,1577939266
480,Tod Sergison,1662725604
481,Merry Cabena,1581744078
482,Ingram Gwinnett,1535466534
483,Rikki Girardin,1604222360
484,Maxine Blamphin,1657177656
485,Rolph Duffil,1554445043
486,Antonia Bulfit,1586602227
487,Orran Krammer,1532610338
488,Amye Forkan,1625742676
489,Ariadne Winpenny,1568440814
490,Gerrie Frid,1619676565
491,Louisette Fausch,1533154889
492,Nelli Summerscales,1651988221
493,Elfrida Fenn,1662198482
494,Binky Element,1576942209
495,Frieda Puvia,1550925788
496,Cordey Yes,1562294903
497,Abbott Lewsey,1651288396
498,Quincey Klemensiewicz,1562299470
499,Jule O'Hartagan,1583879216
500,Persis Gerrard,1658391705
501,Lynde Tague,1595730134
502,Lelah Wilmut,1653689390
503,Charla Elloit,1593810844
504,Renae Coryndon,1573739036
505,Sherill Tyer,1557642134
506,Devy Cressor,1660078182
507,Erek Temperley,1616797882
508,Gwenny McTavish,1564023109
509,Rosabella De Carteret,1561329739
510,Tori Bulford,1623486137
511,Briana Badini,1633904162
512,Fremont Lyvon,1545751674
513,Ely Hartford,1554087503
514,Etan Bonevant,1534046988
515,Cicely Pol,1553757700
516,Darb Syratt,1597569441
517,Marius Gammon,1585018388
518,Martino Lowdeane,1556177938
519,Muire Dunnico,1612151583
520,Dunc Schimpke,1577412501
521,Willie Brosio,1623910004
522,Wilow Moseley,1568333832
523,Katya Cartin,1645687766
524,Fonz Wagge,1539026705
525,Ashlan Mcasparan,1634426006
526,Meghann Francis,1561884764
527,Harrie Mora,1567671679
528,Nanni Waldron,1607783616
529,William Grigolashvill,1659950764
530,Hoyt Jilkes,1536419241
531,Goddard Pavier,1611043476
532,Karna Larroway,1593060623
533,Cathryn Spraberry,1606665249
534,Dru Trussell,1582179840
535,Alberta Quenell,1602780724
536,Ben Furze,1574451601
537,Yevette Cuesta,1587323754
538,Didi Hrycek,1533928591
539,Ruttger Jepp,1628785359
540,Kimberlee Kleinschmidt,1564627133
541,Richy Croley,1576347187
542,Dawna Paine,1659123586
543,Jerrold Scotland,1577781180
544,Axel Robbert,1546522688
545,Benedetto Knevit,1638450176
546,Kiley Curry,1652076103
547,Aurelea Forton,1574851270
548,Laughton Spacey,1658506969
549,Shayna Duckham,1609989548
550,Rodolph Thunders,1538945642
551,Gloria Ruusa,1537393344
552,Eberhard Breffitt,1579190061
553,Kiley Paur,1571444743
554,Geraldine Umbert,1616052849
555,Duffie Jasper,1652581723
556,Melisse Gascone,1579566210
557,Aldin Trinbey,1592968257
558,Kelby Nesey,1550813641
559,Stoddard Gerriets,1648083349
560,Alex Meechan,1549111990
561,Kennie Cowp,1583317701
562,Townsend Penketh,1620958955
563,Cad Gerriessen,1627876293
564,Fairlie Whettleton,1657556682
565,Stevy Sheen,1570705817
566,Marco Ferney,1653461113
567,Rhianon Rutgers,1623520728
568,Vin McKague,1598595479
569,Maighdiln Leyban,1616891801
570,Delora Mertgen,1631519218
571,Cory Fishbie,1654293783
572,Lucius Uccelli,1544045397
573,Zebadiah Grichukhanov,1590521553
574,Borden Khosa,1563303459
575,Kasper Hearsey,1563060525
576,Rick Euplate,1627515297
577,Augustina Jersh,1628983190
578,Anselm Lewsey,1643362966
579,Laura Villa,1649123004
580,Hedda Inde,1605178180
581,Torie Beakes,1635235178
582,Wainwright Melhuish,1553784822
583,Maggy Beltzner,1642461033
584,Marje Ealden,1610519252
585,Clive Verick,1567915686
586,Melinda Axelby,1598750895
587,Calley Foskett,1619402285
588,Frankie Dulling,1636499143
589,Merridie Connaughton,1593146777
590,Celestine Kinavan,1612362911
591,Kienan Mattschas,1577537414
592,Valentina Sewards,1582493212
593,Daune Tringham,1557210807
594,Licha Radenhurst,1658840530
595,Mallory Draycott,1589853288
596,Merwin Lindfors,1554030286
597,Fin Nuton,1614344631
598,Kermit Ruberry,1589575782
599,Giffer Dowthwaite,1591735559
600,Steffen Willeson,1593100971
601,Helaine Odo,1662239020
602,Kanya Tuttle,1613879684
603,Kris John,1626709536
604,Griz Furtado,1550460025
605,Allan Lilly,1600201863
606,Kevyn Bellamy,1558032253
607,Dwain Chance,1533277963
608,Leela Gunther,1597802276
609,Ricky Harrinson,1642327192
610,Tony Scamwell,1571598603
611,Brockie Scading,1645928281
612,Kimble St. Louis,1655906074
613,Daren Gladyer,1613569277
614,Ynez McFadyen,1585663227
615,Nilson Tilburn,1600362566
616,Uta Braisted,1541169004
617,Kylie Possa,1596045244
618,Cal Lenihan,1607850224
619,Westbrook Cropton,1609195496
620,Ahmed Dowsey,1644081544
621,Leroi Causer,1639887471
622,Gabrielle Gremane,1588645609
623,Dacia Byram,1553476953
624,Harlin Shutle,1638621199
625,Brigitta Trimming,1629405990
626,Charline Bladen,1572329486
627,Romeo Byron,1659249378
628,Sergent Tarquinio,1532516918
629,Joellyn Markwelley,1599771288
630,Amandi Leonida,1584773972
631,Wallis Wey,1553893182
632,Babs Middlemiss,1575847002
633,Kynthia Leahy,1652605464
634,Kermie Bothen,1550901627
635,Mace Petchey,1586823793
636,Ambur Crocombe,1590055362
637,Filippo Harmson,1580521740
638,Nedi Kettles,1554729009
639,Zolly Caffrey,1658198670
640,Manny Elliff,1540662819
641,Florida Twopenny,1574520734
642,Zorine Houlton,1640661748
643,Kinsley Batteson,1649198135
644,Astra Kiggel,1536275910
645,Sammie Pennyman,1619259783
646,Lemuel Hriinchenko,1613743422
647,Robina Espasa,1581681699
648,Dieter Ugoni,1619214260
649,Claudell Dureden,1651765057
650,Jarad Stubbs,1601187019
651,Malanie Ferrierio,1588996050
652,Wilt Deverson,1638914285
653,Morgan Marmion,1551389353
654,Heidie Daulby,1639149778
655,Holden Grichukhanov,1597798321
656,Vergil Chinery,1662989418
657,Gauthier Wadley,1606195880
658,Tedd Cready,1585230192
659,Pia Northedge,1557235461
660,Mari Sprankling,1548868243
661,Rosina Stockill,1661508666
662,Frank Benoi,1565584845
663,Martino Boeck,1541720913
664,Mandel Robel,1643740360
665,Lila Dyson,1645561301
666,Giles Mularkey,1604737145
667,Mair Tomasini,1642241910
668,Lurline Scramage,1587930436
669,Joline Cretney,1532151208
670,Filippa Buxy,1651135540
671,Rona Larmouth,1581398303
672,Gustavo Goodacre,1542775340
673,Lefty Hanway,1560512784
674,Florencia Richard,1581795444
675,Isidoro Callam,1658711613
676,Germain Najafian,1618114214
677,Lalo Kayne,1632598798
678,Celinda Cull,1585445417
679,Chrysler Steffens,1539365040
680,Stanislaw Maskell,1632182972
681,Artair Boffin,1557398397
682,Louisa Ruzek,1652491881
683,Fredrika Deluca,1572534610
684,Cirstoforo MacAnespie,1620406714
685,Kimble Olennikov,1590899827
686,Pablo Burchmore,1567529468
687,Nedda Florey,1651656726
688,Buckie Matonin,1540955406
689,Irwin Kording,1532925143
690,Bartlett Keggin,1550830979
691,Nye Apdell,1632384152
692,Everard Dellenty,1639266535
693,Bernete Gerholz,1660491380
694,Lucien Mottram,1612134183
695,Mickie Ritchings,1597573946
696,Gillan Beeden,1588457086
697,Valentijn Huyton,1546408054
698,Cindelyn Thomas,1606944969
699,Charlotta Andrault,1562701731
700,Ariel Bissett,1550055020
701,Merrel Form,1604648731
702,Edan Clemenzi,1570820633
703,Ardra Marklow,1579759652
704,Clayborne Meffin,1558904309
705,Judye Osgood,1562321174
706,Lurline Cyphus,1633752882
707,Odille Shute,1660983311
708,Genevra Isacke,1565932332
709,Loella Standbridge,1570269104
710,Nell Rudloff,1649503669
711,Immanuel Benian,1542444871
712,Skippy Fackrell,1554911474
713,Jackqueline Kennet,1639896473
714,Cyrill Briskey,1595905855
715,Amory Scholl,1542199758
716,Wilmette Cavie,1642027879
717,Stanislaw Gillison,1641652752
718,Chrisy Swiffin,1610668389
719,Mira Camamill,1629158342
720,Francis Chaytor,1638193973
721,Judye Grabham,1596452343
722,Salli Santer,1579454044
723,Isidoro Brammall,1553809867
724,Querida Lound,1594576110
725,Christina Vaune,1609408119
726,Ariel Brellin,1597569798
727,Netty Davidai,1606232250
728,Hally Ivashnyov,1569992623
729,Mufi Shannahan,1649003152
730,Gwenny Vitte,1587027037
731,Welch Lowndes,1546244553
732,Drucill Longhorne,1550581345
733,Ericha Perdue,1545217443
734,Saxon MacGinney,1610348702
735,Isabelita Senner,1585576774
736,Brantley Railton,1649185937
737,Ryann Lamcken,1614756815
738,Mart Dobbyn,1542011722
739,Bentley Thowless,1630705816
740,Archibaldo Smallbone,1579753872
741,Loren Founds,1656418411
742,Olympia Roach,1547628828
743,Meredithe Lillicrap,1562978657
744,Juline Tresise,1572506562
745,Fernande West,1608689244
746,Carree Cato,1633644636
747,Tracie Hamber,1596929088
748,Ardath Maes,1587416862
749,Susann Kasper,1555938751
750,Sanderson Tague,1584217520
751,Jackie Eakin,1557372512
752,Nessie Paullin,1572116426
753,Whit Maciaszek,1558703294
754,Arlen Freemantle,1546186483
755,Sutherlan Ozanne,1586359259
756,Rafaellle Hamberston,1608078979
757,Roxanne MacCleay,1590816035
758,Say Reardon,1547864580
759,Emera Bastick,1642241860
760,Otes Fleote,1613742911
761,Maison Outright,1582102039
762,Sianna Edleston,1561663231
763,Rafe Sharphurst,1630963075
764,Torin Esser,1569523947
765,Tedie Bowlesworth,1630457915
766,Hazel Meadowcraft,1659513849
767,Ailey McGrorty,1563046684
768,Blondell Morfield,1582202605
769,Skipton Tuckwell,1563389051
770,Shurlocke Culverhouse,1568529017
771,Holly-anne Hebblewhite,1559708323
772,Jobyna Attewell,1656385200
773,Marchelle Goublier,1566068114
774,Virgie Malley,1590654274
775,Jessy Romero,1561252833
776,Emmy Sagerson,1570668161
777,Hashim Basham,1559564574
778,Ginger Auten,1642859289
779,Neysa Tozer,1662706804
780,Fionnula Smalman,1609650094
781,Lock Foot,1647470307
782,Harriot Enevold,1616899638
783,Dani Howel,1570964043
784,Clair Baldry,1632494938
785,Tony Simony,1536213547
786,Enriqueta Linstead,1625431914
787,Arnuad Uc,1543518613
788,Roseline Brimmacombe,1597457139
789,Eamon Nobriga,1606810384
790,Audie Critchley,1575400952
791,Maurizia Wharin,1593824338
792,Melvin Hackett,1608668754
793,Harp Austing,1576474516
794,Fran Mordin,1534432613
795,Elisabet Hanes,1549620808
796,Brianne Leteurtre,1616783348
797,Bram Youhill,1631948431
798,Mack Harrowell,1654158928
799,Davidde Kendal,1631872157
800,Lanie Pottell,1565690925
801,Darlene Ketcher,1556955255
802,Roderick Matuszyk,1568859623
803,Brinn Simionato,1645843552
804,Devonne Evreux,1598754953
805,Jacintha Sparsholt,1634892152
806,Leyla Edmonds,1624520516
807,Rockwell Hayhoe,1559886795
808,Brenn Tacon,1600678717
809,Carmella Mucklow,1594458171
810,Margalit Rodman,1592618915
811,Ebba Haymes,1565122709
812,Honor Winton,1662801985
813,Gal Hayball,1652928262
814,Mirabelle By,1559663226
815,Blair Simonou,1598295935
816,Jimmy Thairs,1616579660
817,Armando Earry,1623691553
818,Aurea Brister,1614431036
819,Humfrid Rielly,1548620471
820,Augusto Duff,1609943804
821,Daven Bramich,1596554591
822,Eilis Canto,1659877810
823,Zsazsa Pilmore,1555593179
824,Fernandina Sheward,1535001685
825,Paige Raspel,1630374649
826,Lorne Slimmon,1576577672
827,Heall Naul,1634759456
828,Dode Allder,1595218577
829,Charlton Hutchence,1578016649
830,Pet Oriel,1655146336
831,Adore Stolze,1629127733
832,Morgana Corn,1560355171
833,Batholomew Smye,1577299201
834,Alma Collins,1600255833
835,Cos Nellies,1557220725
836,Neely Twort,1585572221
837,Tamera Ranscomb,1613430360
838,Othilia Ellum,1552284955
839,Noah Dobbson,1604038966
840,Gregoor Mahaddy,1550436900
841,Missie Beade,1615015327
842,Catherina Moneypenny,1537498425
843,Clarissa Weld,1627384261
844,Linet Jerrard,1603743964
845,Joseito Cawdron,1605126395
846,Russell Pollicott,1641036436
847,Ephrayim Alforde,1534157263
848,Rip Pauer,1657426252
849,Basile De Cristoforo,1564265611
850,Marijn Visco,1660760251
851,Nikoletta Solley,1616227385
852,Debor Hammatt,1557690066
853,Reinhold Kirman,1549786491
854,Stesha Joannet,1582894313
855,Otes Beacham,1635874461
856,Simone Somersett,1599841821
857,Torrey Romaint,1545012290
858,Daune Bergstram,1614916598
859,Allissa Buggy,1587587775
860,Sheba Cloake,1662552753
861,Moishe Sandland,1617607774
862,Idaline Maleney,1562367498
863,Sigfrid Skells,1600002436
864,Goldarina Emblin,1605148814
865,Kane Fazackerley,1603120831
866,Ulises Kelby,1548035522
867,Nerta Menichelli,1642436417
868,Fianna Brownrigg,1552221006
869,Lelah Shotboult,1635742459
870,Rozalin Seawright,1556243322
871,Rozalin Jacquemy,1557505971
872,Alyosha Connors,1650232285
873,Cale Fullard,1590798075
874,Claudie Hawtrey,1614182084
875,Mercedes Shrimplin,1554039369
876,Ellene Clew,1532986333
877,Allianora Greatbanks,1571434030
878,Camey Bru,1650838639
879,Katine Dymick,1631243776
880,Mattie Hutchin,1577429841
881,Maryanna McPike,1541680389
882,Stinky Pavel,1606851671
883,Trenna Fishenden,1576862877
884,Dredi Revell,1617550080
885,Oralee Tempest,1655690691
886,Fredrika Jovanovic,1548554217
887,Alix O'Suaird,1553792448
888,Eddi Faithorn,1568169007
889,Angelika Perrin,1556053733
890,Adam Glassup,1659364738
891,Jarret Amorts,1585175068
892,Ceil Swigger,1578821586
893,Chadwick Alekseicik,1626157601
894,Andriette Woodyeare,1636122624
895,Nikolai McCumesky,1547583907
896,Ely Papaminas,1592027510
897,Gillie Asmus,1590504261
898,Reeta Pearcehouse,1538270411
899,Shanna Sidwell,1658126296
900,Peg Hawkey,1616020013
901,Tammie Fawlks,1625256463
902,Rockey Baglan,1593665630
903,Aubry de Werk,1588915791
904,Arleyne Neeves,1630879158
905,Ingar Smithson,1549136671
906,Larine Looks,1582532860
907,Porty Outram,1641874985
908,Farrand Edsall,1566235369
909,Phillip Kinsey,1537927741
910,Lizzy Kapiloff,1648428767
911,Gaby Faircliffe,1544699178
912,Pablo Paolotto,1585379905
913,Margareta Blackall,1554319447
914,Arlene Brotherhead,1595444800
915,Matthew Fonzo,1613565835
916,Ginnie Bass,1616582520
917,Joanna Lympenie,1626148287
918,West Oran,1558979186
919,Leta Hovard,1656221522
920,Freeman Walshaw,1589080854
921,Mozes Boggon,1574787604
922,Dorotea Culmer,1633719964
923,Oralie de Guise,1629673315
924,Langston Kuhndel,1599733340
925,Mariann Towersey,1651226125
926,Colver Cloute,1651721258
927,Dedie Filgate,1615633849
928,Joella Costigan,1565713960
929,Silvie Millsom,1566587775
930,Cindy Garci,1612191542
931,Pamela Wisniowski,1617316219
932,Janene Bedingfield,1536978382
933,Geri Ord,1620677483
934,Ileana Duddin,1597429969
935,Yorke Avramovsky,1567683660
936,Nicolai Dunning,1624756189
937,Waylen Ausello,1606395987
938,Leda Soares,1552041862
939,Brendis Bernhardi,1596828339
940,Birch Jesty,1602431563
941,Sherill Gindghill,1590462689
942,Herve Worden,1551603522
943,Cordy Elvin,1588986100
944,Amata Quinton,1536862325
945,Dody Heeney,1587597506
946,Ardelia Frisel,1620660729
947,Durant Breeton,1557839360
948,Clarita Leebeter,1592343634
949,Worthington Aingell,1623470729
950,Priscilla Garraway,1659421732
951,Sauveur Birtchnell,1629804391
952,Gram Osman,1656941921
953,Lotte Murley,1626849239
954,Olvan Alldridge,1605517185
955,Vite Schulter,1637534515
956,Cherish Schapero,1591437430
957,Laverne Wharby,1541361903
958,Chester Ryder,1560725187
959,Kare Davidson,1619518602
960,Ross Searson,1631830225
961,Sal Snedden,1574186065
962,Darwin Zannuto,1634588788
963,Martino McCard,1618028433
964,Lizzie Mountlow,1583799897
965,Izak Ortmann,1599834341
966,Kristel Leafe,1610362627
967,Amery Deveraux,1638316866
968,Johny Klimecki,1591436774
969,Sidnee Luna,1597143789
970,Clifford Delete,1596205345
971,Filia Rubenchik,1595153179
972,Thea Stelle,1578194688
973,Kristine Shinefield,1586746514
974,Jo-anne O'Cullen,1647649811
975,Garry Stranieri,1602045279
976,Ardath Stoffels,1650140482
977,Brandi Waddie,1594641205
978,Mari Icke,1605732895
979,Osgood Lannin,1622650995
980,Reuben Bielfeldt,1581912568
981,Augustine Teeney,1559285805
982,Jacklin Haskins,1569029618
983,Jennette Gian,1551331170
984,Laetitia Cleminshaw,1643135115
985,Ashly Gumly,1602453692
986,Kandace Mottinelli,1592885205
987,Alfy Kinnane,1651559993
988,Lanita Bulled,1632377283
989,Herby Arsey,1609846887
990,Shaine Machen,1566273577
991,Elka McKoy,1623873836
992,Allx Ludgrove,1647164569
993,Kelli Cakes,1651390242
994,Florence Varney,1603487886
995,Inga Sheers,1591308655
996,Dorette Bleazard,1626616912
997,Kinna Giovannacc@i,1551465783
998,Cristionna Niezen,1543552555
999,Kerk Cornewell,1573132431
1000,Arel Hauger,1656191869
